,Model,RMSE,MAPE
1,Random Forest,2873.2409081890182,70536897296055.16
0,Linear Regression,3269.407593528834,266531691334484.03
2,LSTM,19061.0145967906,136981566540365.16
3,GRU,23018.107762911342,114876666937879.86
